game_id,school_id,school_name,inning,runs,source_url
G26SP001,S26SP009,帝京,1,0,https://www.jhbf.or.jp/senbatsu/2026/schedule/schedule_20260319.html
G26SP001,S26SP009,帝京,2,0,https://www.jhbf.or.jp/senbatsu/2026/schedule/schedule_20260319.html
G26SP001,S26SP009,帝京,3,0,https://www.jhbf.or.jp/senbatsu/2026/schedule/schedule_20260319.html
G26SP001,S26SP009,帝京,4,0,https://www.jhbf.or.jp/senbatsu/2026/schedule/schedule_20260319.html
G26SP001,S26SP009,帝京,5,0,https://www.jhbf.or.jp/senbatsu/2026/schedule/schedule_20260319.html
G26SP001,S26SP009,帝京,6,0,https://www.jhbf.or.jp/senbatsu/2026/schedule/schedule_20260319.html
G26SP001,S26SP009,帝京,7,0,https://www.jhbf.or.jp/senbatsu/2026/schedule/schedule_20260319.html
G26SP001,S26SP009,帝京,8,4,https://www.jhbf.or.jp/senbatsu/2026/schedule/schedule_20260319.html
G26SP001,S26SP009,帝京,9,0,https://www.jhbf.or.jp/senbatsu/2026/schedule/schedule_20260319.html
G26SP001,S26SP030,沖縄尚学,1,0,https://www.jhbf.or.jp/senbatsu/2026/schedule/schedule_20260319.html
G26SP001,S26SP030,沖縄尚学,2,0,https://www.jhbf.or.jp/senbatsu/2026/schedule/schedule_20260319.html
G26SP001,S26SP030,沖縄尚学,3,1,https://www.jhbf.or.jp/senbatsu/2026/schedule/schedule_20260319.html
G26SP001,S26SP030,沖縄尚学,4,0,https://www.jhbf.or.jp/senbatsu/2026/schedule/schedule_20260319.html
G26SP001,S26SP030,沖縄尚学,5,0,https://www.jhbf.or.jp/senbatsu/2026/schedule/schedule_20260319.html
G26SP001,S26SP030,沖縄尚学,6,0,https://www.jhbf.or.jp/senbatsu/2026/schedule/schedule_20260319.html
G26SP001,S26SP030,沖縄尚学,7,0,https://www.jhbf.or.jp/senbatsu/2026/schedule/schedule_20260319.html
G26SP001,S26SP030,沖縄尚学,8,0,https://www.jhbf.or.jp/senbatsu/2026/schedule/schedule_20260319.html
G26SP001,S26SP030,沖縄尚学,9,2,https://www.jhbf.or.jp/senbatsu/2026/schedule/schedule_20260319.html
G26SP002,S26SP025,阿南光,1,0,https://www.jhbf.or.jp/senbatsu/2026/schedule/schedule_20260319.html
G26SP002,S26SP025,阿南光,2,0,https://www.jhbf.or.jp/senbatsu/2026/schedule/schedule_20260319.html
G26SP002,S26SP025,阿南光,3,0,https://www.jhbf.or.jp/senbatsu/2026/schedule/schedule_20260319.html
G26SP002,S26SP025,阿南光,4,0,https://www.jhbf.or.jp/senbatsu/2026/schedule/schedule_20260319.html
G26SP002,S26SP025,阿南光,5,1,https://www.jhbf.or.jp/senbatsu/2026/schedule/schedule_20260319.html
G26SP002,S26SP025,阿南光,6,0,https://www.jhbf.or.jp/senbatsu/2026/schedule/schedule_20260319.html
G26SP002,S26SP025,阿南光,7,0,https://www.jhbf.or.jp/senbatsu/2026/schedule/schedule_20260319.html
G26SP002,S26SP025,阿南光,8,0,https://www.jhbf.or.jp/senbatsu/2026/schedule/schedule_20260319.html
G26SP002,S26SP025,阿南光,9,0,https://www.jhbf.or.jp/senbatsu/2026/schedule/schedule_20260319.html
G26SP002,S26SP013,中京大中京,1,0,https://www.jhbf.or.jp/senbatsu/2026/schedule/schedule_20260319.html
G26SP002,S26SP013,中京大中京,2,0,https://www.jhbf.or.jp/senbatsu/2026/schedule/schedule_20260319.html
G26SP002,S26SP013,中京大中京,3,0,https://www.jhbf.or.jp/senbatsu/2026/schedule/schedule_20260319.html
G26SP002,S26SP013,中京大中京,4,0,https://www.jhbf.or.jp/senbatsu/2026/schedule/schedule_20260319.html
G26SP002,S26SP013,中京大中京,5,1,https://www.jhbf.or.jp/senbatsu/2026/schedule/schedule_20260319.html
G26SP002,S26SP013,中京大中京,6,1,https://www.jhbf.or.jp/senbatsu/2026/schedule/schedule_20260319.html
G26SP002,S26SP013,中京大中京,7,0,https://www.jhbf.or.jp/senbatsu/2026/schedule/schedule_20260319.html
G26SP002,S26SP013,中京大中京,8,1,https://www.jhbf.or.jp/senbatsu/2026/schedule/schedule_20260319.html
G26SP002,S26SP013,中京大中京,9,0,https://www.jhbf.or.jp/senbatsu/2026/schedule/schedule_20260319.html
G26SP003,S26SP002,八戸学院光星,1,0,https://www.jhbf.or.jp/senbatsu/2026/schedule/schedule_20260319.html
G26SP003,S26SP002,八戸学院光星,2,0,https://www.jhbf.or.jp/senbatsu/2026/schedule/schedule_20260319.html
G26SP003,S26SP002,八戸学院光星,3,0,https://www.jhbf.or.jp/senbatsu/2026/schedule/schedule_20260319.html
G26SP003,S26SP002,八戸学院光星,4,3,https://www.jhbf.or.jp/senbatsu/2026/schedule/schedule_20260319.html
G26SP003,S26SP002,八戸学院光星,5,0,https://www.jhbf.or.jp/senbatsu/2026/schedule/schedule_20260319.html
G26SP003,S26SP002,八戸学院光星,6,0,https://www.jhbf.or.jp/senbatsu/2026/schedule/schedule_20260319.html
G26SP003,S26SP002,八戸学院光星,7,1,https://www.jhbf.or.jp/senbatsu/2026/schedule/schedule_20260319.html
G26SP003,S26SP002,八戸学院光星,8,2,https://www.jhbf.or.jp/senbatsu/2026/schedule/schedule_20260319.html
G26SP003,S26SP002,八戸学院光星,9,0,https://www.jhbf.or.jp/senbatsu/2026/schedule/schedule_20260319.html
G26SP003,S26SP002,八戸学院光星,10,9,https://www.jhbf.or.jp/senbatsu/2026/schedule/schedule_20260319.html
G26SP003,S26SP022,崇徳,1,3,https://www.jhbf.or.jp/senbatsu/2026/schedule/schedule_20260319.html
G26SP003,S26SP022,崇徳,2,1,https://www.jhbf.or.jp/senbatsu/2026/schedule/schedule_20260319.html
G26SP003,S26SP022,崇徳,3,0,https://www.jhbf.or.jp/senbatsu/2026/schedule/schedule_20260319.html
G26SP003,S26SP022,崇徳,4,0,https://www.jhbf.or.jp/senbatsu/2026/schedule/schedule_20260319.html
G26SP003,S26SP022,崇徳,5,0,https://www.jhbf.or.jp/senbatsu/2026/schedule/schedule_20260319.html
G26SP003,S26SP022,崇徳,6,0,https://www.jhbf.or.jp/senbatsu/2026/schedule/schedule_20260319.html
G26SP003,S26SP022,崇徳,7,0,https://www.jhbf.or.jp/senbatsu/2026/schedule/schedule_20260319.html
G26SP003,S26SP022,崇徳,8,2,https://www.jhbf.or.jp/senbatsu/2026/schedule/schedule_20260319.html
G26SP003,S26SP022,崇徳,9,0,https://www.jhbf.or.jp/senbatsu/2026/schedule/schedule_20260319.html
G26SP003,S26SP022,崇徳,10,0,https://www.jhbf.or.jp/senbatsu/2026/schedule/schedule_20260319.html
G26SP004,S26SP017,滋賀学園,1,2,https://www.jhbf.or.jp/senbatsu/2026/schedule/schedule_20260320.html
G26SP004,S26SP017,滋賀学園,2,0,https://www.jhbf.or.jp/senbatsu/2026/schedule/schedule_20260320.html
G26SP004,S26SP017,滋賀学園,3,2,https://www.jhbf.or.jp/senbatsu/2026/schedule/schedule_20260320.html
G26SP004,S26SP017,滋賀学園,4,0,https://www.jhbf.or.jp/senbatsu/2026/schedule/schedule_20260320.html
G26SP004,S26SP017,滋賀学園,5,1,https://www.jhbf.or.jp/senbatsu/2026/schedule/schedule_20260320.html
G26SP004,S26SP017,滋賀学園,6,0,https://www.jhbf.or.jp/senbatsu/2026/schedule/schedule_20260320.html
G26SP004,S26SP017,滋賀学園,7,0,https://www.jhbf.or.jp/senbatsu/2026/schedule/schedule_20260320.html
G26SP004,S26SP017,滋賀学園,8,0,https://www.jhbf.or.jp/senbatsu/2026/schedule/schedule_20260320.html
G26SP004,S26SP017,滋賀学園,9,0,https://www.jhbf.or.jp/senbatsu/2026/schedule/schedule_20260320.html
G26SP004,S26SP031,長崎西,1,1,https://www.jhbf.or.jp/senbatsu/2026/schedule/schedule_20260320.html
G26SP004,S26SP031,長崎西,2,1,https://www.jhbf.or.jp/senbatsu/2026/schedule/schedule_20260320.html
G26SP004,S26SP031,長崎西,3,1,https://www.jhbf.or.jp/senbatsu/2026/schedule/schedule_20260320.html
G26SP004,S26SP031,長崎西,4,1,https://www.jhbf.or.jp/senbatsu/2026/schedule/schedule_20260320.html
G26SP004,S26SP031,長崎西,5,0,https://www.jhbf.or.jp/senbatsu/2026/schedule/schedule_20260320.html
G26SP004,S26SP031,長崎西,6,0,https://www.jhbf.or.jp/senbatsu/2026/schedule/schedule_20260320.html
G26SP004,S26SP031,長崎西,7,0,https://www.jhbf.or.jp/senbatsu/2026/schedule/schedule_20260320.html
G26SP004,S26SP031,長崎西,8,0,https://www.jhbf.or.jp/senbatsu/2026/schedule/schedule_20260320.html
G26SP004,S26SP031,長崎西,9,0,https://www.jhbf.or.jp/senbatsu/2026/schedule/schedule_20260320.html
G26SP005,S26SP010,横浜,1,0,https://www.jhbf.or.jp/senbatsu/2026/schedule/schedule_20260320.html
G26SP005,S26SP010,横浜,2,0,https://www.jhbf.or.jp/senbatsu/2026/schedule/schedule_20260320.html
G26SP005,S26SP010,横浜,3,0,https://www.jhbf.or.jp/senbatsu/2026/schedule/schedule_20260320.html
G26SP005,S26SP010,横浜,4,0,https://www.jhbf.or.jp/senbatsu/2026/schedule/schedule_20260320.html
G26SP005,S26SP010,横浜,5,0,https://www.jhbf.or.jp/senbatsu/2026/schedule/schedule_20260320.html
G26SP005,S26SP010,横浜,6,0,https://www.jhbf.or.jp/senbatsu/2026/schedule/schedule_20260320.html
G26SP005,S26SP010,横浜,7,0,https://www.jhbf.or.jp/senbatsu/2026/schedule/schedule_20260320.html
G26SP005,S26SP010,横浜,8,0,https://www.jhbf.or.jp/senbatsu/2026/schedule/schedule_20260320.html
G26SP005,S26SP010,横浜,9,0,https://www.jhbf.or.jp/senbatsu/2026/schedule/schedule_20260320.html
G26SP005,S26SP029,神村学園,1,0,https://www.jhbf.or.jp/senbatsu/2026/schedule/schedule_20260320.html
G26SP005,S26SP029,神村学園,2,0,https://www.jhbf.or.jp/senbatsu/2026/schedule/schedule_20260320.html
G26SP005,S26SP029,神村学園,3,2,https://www.jhbf.or.jp/senbatsu/2026/schedule/schedule_20260320.html
G26SP005,S26SP029,神村学園,4,0,https://www.jhbf.or.jp/senbatsu/2026/schedule/schedule_20260320.html
G26SP005,S26SP029,神村学園,5,0,https://www.jhbf.or.jp/senbatsu/2026/schedule/schedule_20260320.html
G26SP005,S26SP029,神村学園,6,0,https://www.jhbf.or.jp/senbatsu/2026/schedule/schedule_20260320.html
G26SP005,S26SP029,神村学園,7,0,https://www.jhbf.or.jp/senbatsu/2026/schedule/schedule_20260320.html
G26SP005,S26SP029,神村学園,8,0,https://www.jhbf.or.jp/senbatsu/2026/schedule/schedule_20260320.html
G26SP005,S26SP029,神村学園,9,0,https://www.jhbf.or.jp/senbatsu/2026/schedule/schedule_20260320.html
G26SP006,S26SP003,花巻東,1,0,https://www.jhbf.or.jp/senbatsu/2026/schedule/schedule_20260320.html
G26SP006,S26SP003,花巻東,2,0,https://www.jhbf.or.jp/senbatsu/2026/schedule/schedule_20260320.html
G26SP006,S26SP003,花巻東,3,0,https://www.jhbf.or.jp/senbatsu/2026/schedule/schedule_20260320.html
G26SP006,S26SP003,花巻東,4,0,https://www.jhbf.or.jp/senbatsu/2026/schedule/schedule_20260320.html
G26SP006,S26SP003,花巻東,5,0,https://www.jhbf.or.jp/senbatsu/2026/schedule/schedule_20260320.html
G26SP006,S26SP003,花巻東,6,0,https://www.jhbf.or.jp/senbatsu/2026/schedule/schedule_20260320.html
G26SP006,S26SP003,花巻東,7,0,https://www.jhbf.or.jp/senbatsu/2026/schedule/schedule_20260320.html
G26SP006,S26SP003,花巻東,8,0,https://www.jhbf.or.jp/senbatsu/2026/schedule/schedule_20260320.html
G26SP006,S26SP003,花巻東,9,0,https://www.jhbf.or.jp/senbatsu/2026/schedule/schedule_20260320.html
G26SP006,S26SP018,智辯学園,1,0,https://www.jhbf.or.jp/senbatsu/2026/schedule/schedule_20260320.html
G26SP006,S26SP018,智辯学園,2,0,https://www.jhbf.or.jp/senbatsu/2026/schedule/schedule_20260320.html
G26SP006,S26SP018,智辯学園,3,1,https://www.jhbf.or.jp/senbatsu/2026/schedule/schedule_20260320.html
G26SP006,S26SP018,智辯学園,4,0,https://www.jhbf.or.jp/senbatsu/2026/schedule/schedule_20260320.html
G26SP006,S26SP018,智辯学園,5,1,https://www.jhbf.or.jp/senbatsu/2026/schedule/schedule_20260320.html
G26SP006,S26SP018,智辯学園,6,0,https://www.jhbf.or.jp/senbatsu/2026/schedule/schedule_20260320.html
G26SP006,S26SP018,智辯学園,7,1,https://www.jhbf.or.jp/senbatsu/2026/schedule/schedule_20260320.html
G26SP006,S26SP018,智辯学園,8,1,https://www.jhbf.or.jp/senbatsu/2026/schedule/schedule_20260320.html
G26SP006,S26SP018,智辯学園,9,0,https://www.jhbf.or.jp/senbatsu/2026/schedule/schedule_20260320.html
G26SP007,S26SP021,東洋大姫路,1,0,https://www.jhbf.or.jp/senbatsu/2026/schedule/schedule_20260321.html
G26SP007,S26SP021,東洋大姫路,2,0,https://www.jhbf.or.jp/senbatsu/2026/schedule/schedule_20260321.html
G26SP007,S26SP021,東洋大姫路,3,0,https://www.jhbf.or.jp/senbatsu/2026/schedule/schedule_20260321.html
G26SP007,S26SP021,東洋大姫路,4,0,https://www.jhbf.or.jp/senbatsu/2026/schedule/schedule_20260321.html
G26SP007,S26SP021,東洋大姫路,5,0,https://www.jhbf.or.jp/senbatsu/2026/schedule/schedule_20260321.html
G26SP007,S26SP021,東洋大姫路,6,1,https://www.jhbf.or.jp/senbatsu/2026/schedule/schedule_20260321.html
G26SP007,S26SP021,東洋大姫路,7,0,https://www.jhbf.or.jp/senbatsu/2026/schedule/schedule_20260321.html
G26SP007,S26SP021,東洋大姫路,8,1,https://www.jhbf.or.jp/senbatsu/2026/schedule/schedule_20260321.html
G26SP007,S26SP021,東洋大姫路,9,0,https://www.jhbf.or.jp/senbatsu/2026/schedule/schedule_20260321.html
G26SP007,S26SP006,花咲徳栄,1,0,https://www.jhbf.or.jp/senbatsu/2026/schedule/schedule_20260321.html
G26SP007,S26SP006,花咲徳栄,2,0,https://www.jhbf.or.jp/senbatsu/2026/schedule/schedule_20260321.html
G26SP007,S26SP006,花咲徳栄,3,0,https://www.jhbf.or.jp/senbatsu/2026/schedule/schedule_20260321.html
G26SP007,S26SP006,花咲徳栄,4,0,https://www.jhbf.or.jp/senbatsu/2026/schedule/schedule_20260321.html
G26SP007,S26SP006,花咲徳栄,5,0,https://www.jhbf.or.jp/senbatsu/2026/schedule/schedule_20260321.html
G26SP007,S26SP006,花咲徳栄,6,0,https://www.jhbf.or.jp/senbatsu/2026/schedule/schedule_20260321.html
G26SP007,S26SP006,花咲徳栄,7,0,https://www.jhbf.or.jp/senbatsu/2026/schedule/schedule_20260321.html
G26SP007,S26SP006,花咲徳栄,8,3,https://www.jhbf.or.jp/senbatsu/2026/schedule/schedule_20260321.html
G26SP007,S26SP006,花咲徳栄,9,0,https://www.jhbf.or.jp/senbatsu/2026/schedule/schedule_20260321.html
G26SP008,S26SP032,高知農,1,0,https://www.jhbf.or.jp/senbatsu/2026/schedule/schedule_20260321.html
G26SP008,S26SP032,高知農,2,0,https://www.jhbf.or.jp/senbatsu/2026/schedule/schedule_20260321.html
G26SP008,S26SP032,高知農,3,0,https://www.jhbf.or.jp/senbatsu/2026/schedule/schedule_20260321.html
G26SP008,S26SP032,高知農,4,1,https://www.jhbf.or.jp/senbatsu/2026/schedule/schedule_20260321.html
G26SP008,S26SP032,高知農,5,0,https://www.jhbf.or.jp/senbatsu/2026/schedule/schedule_20260321.html
G26SP008,S26SP032,高知農,6,0,https://www.jhbf.or.jp/senbatsu/2026/schedule/schedule_20260321.html
G26SP008,S26SP032,高知農,7,0,https://www.jhbf.or.jp/senbatsu/2026/schedule/schedule_20260321.html
G26SP008,S26SP032,高知農,8,0,https://www.jhbf.or.jp/senbatsu/2026/schedule/schedule_20260321.html
G26SP008,S26SP032,高知農,9,0,https://www.jhbf.or.jp/senbatsu/2026/schedule/schedule_20260321.html
G26SP008,S26SP012,日本文理,1,0,https://www.jhbf.or.jp/senbatsu/2026/schedule/schedule_20260321.html
G26SP008,S26SP012,日本文理,2,2,https://www.jhbf.or.jp/senbatsu/2026/schedule/schedule_20260321.html
G26SP008,S26SP012,日本文理,3,0,https://www.jhbf.or.jp/senbatsu/2026/schedule/schedule_20260321.html
G26SP008,S26SP012,日本文理,4,2,https://www.jhbf.or.jp/senbatsu/2026/schedule/schedule_20260321.html
G26SP008,S26SP012,日本文理,5,3,https://www.jhbf.or.jp/senbatsu/2026/schedule/schedule_20260321.html
G26SP008,S26SP012,日本文理,6,1,https://www.jhbf.or.jp/senbatsu/2026/schedule/schedule_20260321.html
G26SP008,S26SP012,日本文理,7,0,https://www.jhbf.or.jp/senbatsu/2026/schedule/schedule_20260321.html
G26SP008,S26SP012,日本文理,8,0,https://www.jhbf.or.jp/senbatsu/2026/schedule/schedule_20260321.html
G26SP008,S26SP012,日本文理,9,0,https://www.jhbf.or.jp/senbatsu/2026/schedule/schedule_20260321.html
G26SP009,S26SP001,北照,1,0,https://www.jhbf.or.jp/senbatsu/2026/schedule/schedule_20260321.html
G26SP009,S26SP001,北照,2,0,https://www.jhbf.or.jp/senbatsu/2026/schedule/schedule_20260321.html
G26SP009,S26SP001,北照,3,0,https://www.jhbf.or.jp/senbatsu/2026/schedule/schedule_20260321.html
G26SP009,S26SP001,北照,4,0,https://www.jhbf.or.jp/senbatsu/2026/schedule/schedule_20260321.html
G26SP009,S26SP001,北照,5,0,https://www.jhbf.or.jp/senbatsu/2026/schedule/schedule_20260321.html
G26SP009,S26SP001,北照,6,0,https://www.jhbf.or.jp/senbatsu/2026/schedule/schedule_20260321.html
G26SP009,S26SP001,北照,7,0,https://www.jhbf.or.jp/senbatsu/2026/schedule/schedule_20260321.html
G26SP009,S26SP001,北照,8,0,https://www.jhbf.or.jp/senbatsu/2026/schedule/schedule_20260321.html
G26SP009,S26SP001,北照,9,0,https://www.jhbf.or.jp/senbatsu/2026/schedule/schedule_20260321.html
G26SP009,S26SP008,専大松戸,1,0,https://www.jhbf.or.jp/senbatsu/2026/schedule/schedule_20260321.html
G26SP009,S26SP008,専大松戸,2,0,https://www.jhbf.or.jp/senbatsu/2026/schedule/schedule_20260321.html
G26SP009,S26SP008,専大松戸,3,0,https://www.jhbf.or.jp/senbatsu/2026/schedule/schedule_20260321.html
G26SP009,S26SP008,専大松戸,4,4,https://www.jhbf.or.jp/senbatsu/2026/schedule/schedule_20260321.html
G26SP009,S26SP008,専大松戸,5,0,https://www.jhbf.or.jp/senbatsu/2026/schedule/schedule_20260321.html
G26SP009,S26SP008,専大松戸,6,0,https://www.jhbf.or.jp/senbatsu/2026/schedule/schedule_20260321.html
G26SP009,S26SP008,専大松戸,7,0,https://www.jhbf.or.jp/senbatsu/2026/schedule/schedule_20260321.html
G26SP009,S26SP008,専大松戸,8,0,https://www.jhbf.or.jp/senbatsu/2026/schedule/schedule_20260321.html
G26SP009,S26SP008,専大松戸,9,0,https://www.jhbf.or.jp/senbatsu/2026/schedule/schedule_20260321.html
G26SP010,S26SP020,神戸国際大付,1,0,https://www.jhbf.or.jp/senbatsu/2026/schedule/schedule_20260322.html
G26SP010,S26SP020,神戸国際大付,2,0,https://www.jhbf.or.jp/senbatsu/2026/schedule/schedule_20260322.html
G26SP010,S26SP020,神戸国際大付,3,0,https://www.jhbf.or.jp/senbatsu/2026/schedule/schedule_20260322.html
G26SP010,S26SP020,神戸国際大付,4,0,https://www.jhbf.or.jp/senbatsu/2026/schedule/schedule_20260322.html
G26SP010,S26SP020,神戸国際大付,5,0,https://www.jhbf.or.jp/senbatsu/2026/schedule/schedule_20260322.html
G26SP010,S26SP020,神戸国際大付,6,1,https://www.jhbf.or.jp/senbatsu/2026/schedule/schedule_20260322.html
G26SP010,S26SP020,神戸国際大付,7,0,https://www.jhbf.or.jp/senbatsu/2026/schedule/schedule_20260322.html
G26SP010,S26SP020,神戸国際大付,8,1,https://www.jhbf.or.jp/senbatsu/2026/schedule/schedule_20260322.html
G26SP010,S26SP020,神戸国際大付,9,0,https://www.jhbf.or.jp/senbatsu/2026/schedule/schedule_20260322.html
G26SP010,S26SP020,神戸国際大付,10,0,https://www.jhbf.or.jp/senbatsu/2026/schedule/schedule_20260322.html
G26SP010,S26SP020,神戸国際大付,11,1,https://www.jhbf.or.jp/senbatsu/2026/schedule/schedule_20260322.html
G26SP010,S26SP026,九州国際大付,1,1,https://www.jhbf.or.jp/senbatsu/2026/schedule/schedule_20260322.html
G26SP010,S26SP026,九州国際大付,2,0,https://www.jhbf.or.jp/senbatsu/2026/schedule/schedule_20260322.html
G26SP010,S26SP026,九州国際大付,3,0,https://www.jhbf.or.jp/senbatsu/2026/schedule/schedule_20260322.html
G26SP010,S26SP026,九州国際大付,4,0,https://www.jhbf.or.jp/senbatsu/2026/schedule/schedule_20260322.html
G26SP010,S26SP026,九州国際大付,5,0,https://www.jhbf.or.jp/senbatsu/2026/schedule/schedule_20260322.html
G26SP010,S26SP026,九州国際大付,6,0,https://www.jhbf.or.jp/senbatsu/2026/schedule/schedule_20260322.html
G26SP010,S26SP026,九州国際大付,7,0,https://www.jhbf.or.jp/senbatsu/2026/schedule/schedule_20260322.html
G26SP010,S26SP026,九州国際大付,8,1,https://www.jhbf.or.jp/senbatsu/2026/schedule/schedule_20260322.html
G26SP010,S26SP026,九州国際大付,9,0,https://www.jhbf.or.jp/senbatsu/2026/schedule/schedule_20260322.html
G26SP010,S26SP026,九州国際大付,10,0,https://www.jhbf.or.jp/senbatsu/2026/schedule/schedule_20260322.html
G26SP010,S26SP026,九州国際大付,11,2,https://www.jhbf.or.jp/senbatsu/2026/schedule/schedule_20260322.html
G26SP011,S26SP016,近江,1,0,https://www.jhbf.or.jp/senbatsu/2026/schedule/schedule_20260322.html
G26SP011,S26SP016,近江,2,0,https://www.jhbf.or.jp/senbatsu/2026/schedule/schedule_20260322.html
G26SP011,S26SP016,近江,3,0,https://www.jhbf.or.jp/senbatsu/2026/schedule/schedule_20260322.html
G26SP011,S26SP016,近江,4,0,https://www.jhbf.or.jp/senbatsu/2026/schedule/schedule_20260322.html
G26SP011,S26SP016,近江,5,0,https://www.jhbf.or.jp/senbatsu/2026/schedule/schedule_20260322.html
G26SP011,S26SP016,近江,6,0,https://www.jhbf.or.jp/senbatsu/2026/schedule/schedule_20260322.html
G26SP011,S26SP016,近江,7,0,https://www.jhbf.or.jp/senbatsu/2026/schedule/schedule_20260322.html
G26SP011,S26SP016,近江,8,0,https://www.jhbf.or.jp/senbatsu/2026/schedule/schedule_20260322.html
G26SP011,S26SP016,近江,9,0,https://www.jhbf.or.jp/senbatsu/2026/schedule/schedule_20260322.html
G26SP011,S26SP016,近江,10,1,https://www.jhbf.or.jp/senbatsu/2026/schedule/schedule_20260322.html
G26SP011,S26SP014,大垣日大,1,0,https://www.jhbf.or.jp/senbatsu/2026/schedule/schedule_20260322.html
G26SP011,S26SP014,大垣日大,2,0,https://www.jhbf.or.jp/senbatsu/2026/schedule/schedule_20260322.html
G26SP011,S26SP014,大垣日大,3,0,https://www.jhbf.or.jp/senbatsu/2026/schedule/schedule_20260322.html
G26SP011,S26SP014,大垣日大,4,0,https://www.jhbf.or.jp/senbatsu/2026/schedule/schedule_20260322.html
G26SP011,S26SP014,大垣日大,5,0,https://www.jhbf.or.jp/senbatsu/2026/schedule/schedule_20260322.html
G26SP011,S26SP014,大垣日大,6,0,https://www.jhbf.or.jp/senbatsu/2026/schedule/schedule_20260322.html
G26SP011,S26SP014,大垣日大,7,0,https://www.jhbf.or.jp/senbatsu/2026/schedule/schedule_20260322.html
G26SP011,S26SP014,大垣日大,8,0,https://www.jhbf.or.jp/senbatsu/2026/schedule/schedule_20260322.html
G26SP011,S26SP014,大垣日大,9,0,https://www.jhbf.or.jp/senbatsu/2026/schedule/schedule_20260322.html
G26SP011,S26SP014,大垣日大,10,2,https://www.jhbf.or.jp/senbatsu/2026/schedule/schedule_20260322.html
G26SP012,S26SP007,山梨学院,1,5,https://www.jhbf.or.jp/senbatsu/2026/schedule/schedule_20260322.html
G26SP012,S26SP007,山梨学院,2,0,https://www.jhbf.or.jp/senbatsu/2026/schedule/schedule_20260322.html
G26SP012,S26SP007,山梨学院,3,0,https://www.jhbf.or.jp/senbatsu/2026/schedule/schedule_20260322.html
G26SP012,S26SP007,山梨学院,4,0,https://www.jhbf.or.jp/senbatsu/2026/schedule/schedule_20260322.html
G26SP012,S26SP007,山梨学院,5,0,https://www.jhbf.or.jp/senbatsu/2026/schedule/schedule_20260322.html
G26SP012,S26SP007,山梨学院,6,0,https://www.jhbf.or.jp/senbatsu/2026/schedule/schedule_20260322.html
G26SP012,S26SP007,山梨学院,7,0,https://www.jhbf.or.jp/senbatsu/2026/schedule/schedule_20260322.html
G26SP012,S26SP007,山梨学院,8,0,https://www.jhbf.or.jp/senbatsu/2026/schedule/schedule_20260322.html
G26SP012,S26SP007,山梨学院,9,0,https://www.jhbf.or.jp/senbatsu/2026/schedule/schedule_20260322.html
G26SP012,S26SP027,長崎日大,1,1,https://www.jhbf.or.jp/senbatsu/2026/schedule/schedule_20260322.html
G26SP012,S26SP027,長崎日大,2,0,https://www.jhbf.or.jp/senbatsu/2026/schedule/schedule_20260322.html
G26SP012,S26SP027,長崎日大,3,0,https://www.jhbf.or.jp/senbatsu/2026/schedule/schedule_20260322.html
G26SP012,S26SP027,長崎日大,4,0,https://www.jhbf.or.jp/senbatsu/2026/schedule/schedule_20260322.html
G26SP012,S26SP027,長崎日大,5,0,https://www.jhbf.or.jp/senbatsu/2026/schedule/schedule_20260322.html
G26SP012,S26SP027,長崎日大,6,0,https://www.jhbf.or.jp/senbatsu/2026/schedule/schedule_20260322.html
G26SP012,S26SP027,長崎日大,7,2,https://www.jhbf.or.jp/senbatsu/2026/schedule/schedule_20260322.html
G26SP012,S26SP027,長崎日大,8,0,https://www.jhbf.or.jp/senbatsu/2026/schedule/schedule_20260322.html
G26SP012,S26SP027,長崎日大,9,0,https://www.jhbf.or.jp/senbatsu/2026/schedule/schedule_20260322.html
G26SP013,S26SP004,東北,1,2,https://www.jhbf.or.jp/senbatsu/2026/schedule/schedule_20260323.html
G26SP013,S26SP004,東北,2,2,https://www.jhbf.or.jp/senbatsu/2026/schedule/schedule_20260323.html
G26SP013,S26SP004,東北,3,0,https://www.jhbf.or.jp/senbatsu/2026/schedule/schedule_20260323.html
G26SP013,S26SP004,東北,4,0,https://www.jhbf.or.jp/senbatsu/2026/schedule/schedule_20260323.html
G26SP013,S26SP004,東北,5,0,https://www.jhbf.or.jp/senbatsu/2026/schedule/schedule_20260323.html
G26SP013,S26SP004,東北,6,0,https://www.jhbf.or.jp/senbatsu/2026/schedule/schedule_20260323.html
G26SP013,S26SP004,東北,7,1,https://www.jhbf.or.jp/senbatsu/2026/schedule/schedule_20260323.html
G26SP013,S26SP004,東北,8,0,https://www.jhbf.or.jp/senbatsu/2026/schedule/schedule_20260323.html
G26SP013,S26SP004,東北,9,0,https://www.jhbf.or.jp/senbatsu/2026/schedule/schedule_20260323.html
G26SP013,S26SP011,帝京長岡,1,0,https://www.jhbf.or.jp/senbatsu/2026/schedule/schedule_20260323.html
G26SP013,S26SP011,帝京長岡,2,1,https://www.jhbf.or.jp/senbatsu/2026/schedule/schedule_20260323.html
G26SP013,S26SP011,帝京長岡,3,0,https://www.jhbf.or.jp/senbatsu/2026/schedule/schedule_20260323.html
G26SP013,S26SP011,帝京長岡,4,0,https://www.jhbf.or.jp/senbatsu/2026/schedule/schedule_20260323.html
G26SP013,S26SP011,帝京長岡,5,0,https://www.jhbf.or.jp/senbatsu/2026/schedule/schedule_20260323.html
G26SP013,S26SP011,帝京長岡,6,0,https://www.jhbf.or.jp/senbatsu/2026/schedule/schedule_20260323.html
G26SP013,S26SP011,帝京長岡,7,0,https://www.jhbf.or.jp/senbatsu/2026/schedule/schedule_20260323.html
G26SP013,S26SP011,帝京長岡,8,0,https://www.jhbf.or.jp/senbatsu/2026/schedule/schedule_20260323.html
G26SP013,S26SP011,帝京長岡,9,0,https://www.jhbf.or.jp/senbatsu/2026/schedule/schedule_20260323.html
G26SP014,S26SP023,高川学園,1,0,https://www.jhbf.or.jp/senbatsu/2026/schedule/schedule_20260323.html
G26SP014,S26SP023,高川学園,2,0,https://www.jhbf.or.jp/senbatsu/2026/schedule/schedule_20260323.html
G26SP014,S26SP023,高川学園,3,0,https://www.jhbf.or.jp/senbatsu/2026/schedule/schedule_20260323.html
G26SP014,S26SP023,高川学園,4,0,https://www.jhbf.or.jp/senbatsu/2026/schedule/schedule_20260323.html
G26SP014,S26SP023,高川学園,5,0,https://www.jhbf.or.jp/senbatsu/2026/schedule/schedule_20260323.html
G26SP014,S26SP023,高川学園,6,1,https://www.jhbf.or.jp/senbatsu/2026/schedule/schedule_20260323.html
G26SP014,S26SP023,高川学園,7,0,https://www.jhbf.or.jp/senbatsu/2026/schedule/schedule_20260323.html
G26SP014,S26SP023,高川学園,8,0,https://www.jhbf.or.jp/senbatsu/2026/schedule/schedule_20260323.html
G26SP014,S26SP023,高川学園,9,2,https://www.jhbf.or.jp/senbatsu/2026/schedule/schedule_20260323.html
G26SP014,S26SP024,英明,1,0,https://www.jhbf.or.jp/senbatsu/2026/schedule/schedule_20260323.html
G26SP014,S26SP024,英明,2,0,https://www.jhbf.or.jp/senbatsu/2026/schedule/schedule_20260323.html
G26SP014,S26SP024,英明,3,0,https://www.jhbf.or.jp/senbatsu/2026/schedule/schedule_20260323.html
G26SP014,S26SP024,英明,4,3,https://www.jhbf.or.jp/senbatsu/2026/schedule/schedule_20260323.html
G26SP014,S26SP024,英明,5,1,https://www.jhbf.or.jp/senbatsu/2026/schedule/schedule_20260323.html
G26SP014,S26SP024,英明,6,0,https://www.jhbf.or.jp/senbatsu/2026/schedule/schedule_20260323.html
G26SP014,S26SP024,英明,7,0,https://www.jhbf.or.jp/senbatsu/2026/schedule/schedule_20260323.html
G26SP014,S26SP024,英明,8,1,https://www.jhbf.or.jp/senbatsu/2026/schedule/schedule_20260323.html
G26SP014,S26SP024,英明,9,0,https://www.jhbf.or.jp/senbatsu/2026/schedule/schedule_20260323.html
G26SP015,S26SP015,三重,1,0,https://www.jhbf.or.jp/senbatsu/2026/schedule/schedule_20260323.html
G26SP015,S26SP015,三重,2,0,https://www.jhbf.or.jp/senbatsu/2026/schedule/schedule_20260323.html
G26SP015,S26SP015,三重,3,0,https://www.jhbf.or.jp/senbatsu/2026/schedule/schedule_20260323.html
G26SP015,S26SP015,三重,4,0,https://www.jhbf.or.jp/senbatsu/2026/schedule/schedule_20260323.html
G26SP015,S26SP015,三重,5,0,https://www.jhbf.or.jp/senbatsu/2026/schedule/schedule_20260323.html
G26SP015,S26SP015,三重,6,2,https://www.jhbf.or.jp/senbatsu/2026/schedule/schedule_20260323.html
G26SP015,S26SP015,三重,7,0,https://www.jhbf.or.jp/senbatsu/2026/schedule/schedule_20260323.html
G26SP015,S26SP015,三重,8,0,https://www.jhbf.or.jp/senbatsu/2026/schedule/schedule_20260323.html
G26SP015,S26SP015,三重,9,0,https://www.jhbf.or.jp/senbatsu/2026/schedule/schedule_20260323.html
G26SP015,S26SP005,佐野日大,1,0,https://www.jhbf.or.jp/senbatsu/2026/schedule/schedule_20260323.html
G26SP015,S26SP005,佐野日大,2,0,https://www.jhbf.or.jp/senbatsu/2026/schedule/schedule_20260323.html
G26SP015,S26SP005,佐野日大,3,0,https://www.jhbf.or.jp/senbatsu/2026/schedule/schedule_20260323.html
G26SP015,S26SP005,佐野日大,4,0,https://www.jhbf.or.jp/senbatsu/2026/schedule/schedule_20260323.html
G26SP015,S26SP005,佐野日大,5,0,https://www.jhbf.or.jp/senbatsu/2026/schedule/schedule_20260323.html
G26SP015,S26SP005,佐野日大,6,0,https://www.jhbf.or.jp/senbatsu/2026/schedule/schedule_20260323.html
G26SP015,S26SP005,佐野日大,7,0,https://www.jhbf.or.jp/senbatsu/2026/schedule/schedule_20260323.html
G26SP015,S26SP005,佐野日大,8,0,https://www.jhbf.or.jp/senbatsu/2026/schedule/schedule_20260323.html
G26SP015,S26SP005,佐野日大,9,0,https://www.jhbf.or.jp/senbatsu/2026/schedule/schedule_20260323.html
G26SP016,S26SP028,熊本工,1,0,https://www.jhbf.or.jp/senbatsu/2026/schedule/schedule_20260324.html
G26SP016,S26SP028,熊本工,2,0,https://www.jhbf.or.jp/senbatsu/2026/schedule/schedule_20260324.html
G26SP016,S26SP028,熊本工,3,0,https://www.jhbf.or.jp/senbatsu/2026/schedule/schedule_20260324.html
G26SP016,S26SP028,熊本工,4,0,https://www.jhbf.or.jp/senbatsu/2026/schedule/schedule_20260324.html
G26SP016,S26SP028,熊本工,5,0,https://www.jhbf.or.jp/senbatsu/2026/schedule/schedule_20260324.html
G26SP016,S26SP028,熊本工,6,0,https://www.jhbf.or.jp/senbatsu/2026/schedule/schedule_20260324.html
G26SP016,S26SP028,熊本工,7,0,https://www.jhbf.or.jp/senbatsu/2026/schedule/schedule_20260324.html
G26SP016,S26SP028,熊本工,8,0,https://www.jhbf.or.jp/senbatsu/2026/schedule/schedule_20260324.html
G26SP016,S26SP028,熊本工,9,0,https://www.jhbf.or.jp/senbatsu/2026/schedule/schedule_20260324.html
G26SP016,S26SP019,大阪桐蔭,1,1,https://www.jhbf.or.jp/senbatsu/2026/schedule/schedule_20260324.html
G26SP016,S26SP019,大阪桐蔭,2,0,https://www.jhbf.or.jp/senbatsu/2026/schedule/schedule_20260324.html
G26SP016,S26SP019,大阪桐蔭,3,0,https://www.jhbf.or.jp/senbatsu/2026/schedule/schedule_20260324.html
G26SP016,S26SP019,大阪桐蔭,4,0,https://www.jhbf.or.jp/senbatsu/2026/schedule/schedule_20260324.html
G26SP016,S26SP019,大阪桐蔭,5,0,https://www.jhbf.or.jp/senbatsu/2026/schedule/schedule_20260324.html
G26SP016,S26SP019,大阪桐蔭,6,0,https://www.jhbf.or.jp/senbatsu/2026/schedule/schedule_20260324.html
G26SP016,S26SP019,大阪桐蔭,7,0,https://www.jhbf.or.jp/senbatsu/2026/schedule/schedule_20260324.html
G26SP016,S26SP019,大阪桐蔭,8,2,https://www.jhbf.or.jp/senbatsu/2026/schedule/schedule_20260324.html
G26SP016,S26SP019,大阪桐蔭,9,1,https://www.jhbf.or.jp/senbatsu/2026/schedule/schedule_20260324.html
G26SP017,S26SP009,帝京,1,0,https://www.jhbf.or.jp/senbatsu/2026/schedule/schedule_20260324.html
G26SP017,S26SP009,帝京,2,0,https://www.jhbf.or.jp/senbatsu/2026/schedule/schedule_20260324.html
G26SP017,S26SP009,帝京,3,0,https://www.jhbf.or.jp/senbatsu/2026/schedule/schedule_20260324.html
G26SP017,S26SP009,帝京,4,0,https://www.jhbf.or.jp/senbatsu/2026/schedule/schedule_20260324.html
G26SP017,S26SP009,帝京,5,4,https://www.jhbf.or.jp/senbatsu/2026/schedule/schedule_20260324.html
G26SP017,S26SP009,帝京,6,0,https://www.jhbf.or.jp/senbatsu/2026/schedule/schedule_20260324.html
G26SP017,S26SP009,帝京,7,0,https://www.jhbf.or.jp/senbatsu/2026/schedule/schedule_20260324.html
G26SP017,S26SP009,帝京,8,0,https://www.jhbf.or.jp/senbatsu/2026/schedule/schedule_20260324.html
G26SP017,S26SP009,帝京,9,0,https://www.jhbf.or.jp/senbatsu/2026/schedule/schedule_20260324.html
G26SP017,S26SP009,帝京,10,0,https://www.jhbf.or.jp/senbatsu/2026/schedule/schedule_20260324.html
G26SP017,S26SP013,中京大中京,1,0,https://www.jhbf.or.jp/senbatsu/2026/schedule/schedule_20260324.html
G26SP017,S26SP013,中京大中京,2,0,https://www.jhbf.or.jp/senbatsu/2026/schedule/schedule_20260324.html
G26SP017,S26SP013,中京大中京,3,1,https://www.jhbf.or.jp/senbatsu/2026/schedule/schedule_20260324.html
G26SP017,S26SP013,中京大中京,4,1,https://www.jhbf.or.jp/senbatsu/2026/schedule/schedule_20260324.html
G26SP017,S26SP013,中京大中京,5,2,https://www.jhbf.or.jp/senbatsu/2026/schedule/schedule_20260324.html
G26SP017,S26SP013,中京大中京,6,0,https://www.jhbf.or.jp/senbatsu/2026/schedule/schedule_20260324.html
G26SP017,S26SP013,中京大中京,7,0,https://www.jhbf.or.jp/senbatsu/2026/schedule/schedule_20260324.html
G26SP017,S26SP013,中京大中京,8,0,https://www.jhbf.or.jp/senbatsu/2026/schedule/schedule_20260324.html
G26SP017,S26SP013,中京大中京,9,0,https://www.jhbf.or.jp/senbatsu/2026/schedule/schedule_20260324.html
G26SP017,S26SP013,中京大中京,10,5,https://www.jhbf.or.jp/senbatsu/2026/schedule/schedule_20260324.html
G26SP018,S26SP002,八戸学院光星,1,0,https://www.jhbf.or.jp/senbatsu/2026/schedule/schedule_20260324.html
G26SP018,S26SP002,八戸学院光星,2,1,https://www.jhbf.or.jp/senbatsu/2026/schedule/schedule_20260324.html
G26SP018,S26SP002,八戸学院光星,3,1,https://www.jhbf.or.jp/senbatsu/2026/schedule/schedule_20260324.html
G26SP018,S26SP002,八戸学院光星,4,1,https://www.jhbf.or.jp/senbatsu/2026/schedule/schedule_20260324.html
G26SP018,S26SP002,八戸学院光星,5,0,https://www.jhbf.or.jp/senbatsu/2026/schedule/schedule_20260324.html
G26SP018,S26SP002,八戸学院光星,6,1,https://www.jhbf.or.jp/senbatsu/2026/schedule/schedule_20260324.html
G26SP018,S26SP002,八戸学院光星,7,0,https://www.jhbf.or.jp/senbatsu/2026/schedule/schedule_20260324.html
G26SP018,S26SP002,八戸学院光星,8,1,https://www.jhbf.or.jp/senbatsu/2026/schedule/schedule_20260324.html
G26SP018,S26SP002,八戸学院光星,9,0,https://www.jhbf.or.jp/senbatsu/2026/schedule/schedule_20260324.html
G26SP018,S26SP017,滋賀学園,1,0,https://www.jhbf.or.jp/senbatsu/2026/schedule/schedule_20260324.html
G26SP018,S26SP017,滋賀学園,2,0,https://www.jhbf.or.jp/senbatsu/2026/schedule/schedule_20260324.html
G26SP018,S26SP017,滋賀学園,3,1,https://www.jhbf.or.jp/senbatsu/2026/schedule/schedule_20260324.html
G26SP018,S26SP017,滋賀学園,4,1,https://www.jhbf.or.jp/senbatsu/2026/schedule/schedule_20260324.html
G26SP018,S26SP017,滋賀学園,5,0,https://www.jhbf.or.jp/senbatsu/2026/schedule/schedule_20260324.html
G26SP018,S26SP017,滋賀学園,6,2,https://www.jhbf.or.jp/senbatsu/2026/schedule/schedule_20260324.html
G26SP018,S26SP017,滋賀学園,7,0,https://www.jhbf.or.jp/senbatsu/2026/schedule/schedule_20260324.html
G26SP018,S26SP017,滋賀学園,8,0,https://www.jhbf.or.jp/senbatsu/2026/schedule/schedule_20260324.html
G26SP018,S26SP017,滋賀学園,9,0,https://www.jhbf.or.jp/senbatsu/2026/schedule/schedule_20260324.html
G26SP019,S26SP029,神村学園,1,1,https://www.jhbf.or.jp/senbatsu/2026/schedule/schedule_20260325.html
G26SP019,S26SP029,神村学園,2,0,https://www.jhbf.or.jp/senbatsu/2026/schedule/schedule_20260325.html
G26SP019,S26SP029,神村学園,3,0,https://www.jhbf.or.jp/senbatsu/2026/schedule/schedule_20260325.html
G26SP019,S26SP029,神村学園,4,0,https://www.jhbf.or.jp/senbatsu/2026/schedule/schedule_20260325.html
G26SP019,S26SP029,神村学園,5,0,https://www.jhbf.or.jp/senbatsu/2026/schedule/schedule_20260325.html
G26SP019,S26SP029,神村学園,6,0,https://www.jhbf.or.jp/senbatsu/2026/schedule/schedule_20260325.html
G26SP019,S26SP029,神村学園,7,0,https://www.jhbf.or.jp/senbatsu/2026/schedule/schedule_20260325.html
G26SP019,S26SP029,神村学園,8,0,https://www.jhbf.or.jp/senbatsu/2026/schedule/schedule_20260325.html
G26SP019,S26SP029,神村学園,9,0,https://www.jhbf.or.jp/senbatsu/2026/schedule/schedule_20260325.html
G26SP019,S26SP029,神村学園,10,0,https://www.jhbf.or.jp/senbatsu/2026/schedule/schedule_20260325.html
G26SP019,S26SP018,智辯学園,1,0,https://www.jhbf.or.jp/senbatsu/2026/schedule/schedule_20260325.html
G26SP019,S26SP018,智辯学園,2,0,https://www.jhbf.or.jp/senbatsu/2026/schedule/schedule_20260325.html
G26SP019,S26SP018,智辯学園,3,0,https://www.jhbf.or.jp/senbatsu/2026/schedule/schedule_20260325.html
G26SP019,S26SP018,智辯学園,4,0,https://www.jhbf.or.jp/senbatsu/2026/schedule/schedule_20260325.html
G26SP019,S26SP018,智辯学園,5,0,https://www.jhbf.or.jp/senbatsu/2026/schedule/schedule_20260325.html
G26SP019,S26SP018,智辯学園,6,0,https://www.jhbf.or.jp/senbatsu/2026/schedule/schedule_20260325.html
G26SP019,S26SP018,智辯学園,7,0,https://www.jhbf.or.jp/senbatsu/2026/schedule/schedule_20260325.html
G26SP019,S26SP018,智辯学園,8,1,https://www.jhbf.or.jp/senbatsu/2026/schedule/schedule_20260325.html
G26SP019,S26SP018,智辯学園,9,0,https://www.jhbf.or.jp/senbatsu/2026/schedule/schedule_20260325.html
G26SP019,S26SP018,智辯学園,10,1,https://www.jhbf.or.jp/senbatsu/2026/schedule/schedule_20260325.html
G26SP020,S26SP006,花咲徳栄,1,0,https://www.jhbf.or.jp/senbatsu/2026/schedule/schedule_20260325.html
G26SP020,S26SP006,花咲徳栄,2,0,https://www.jhbf.or.jp/senbatsu/2026/schedule/schedule_20260325.html
G26SP020,S26SP006,花咲徳栄,3,4,https://www.jhbf.or.jp/senbatsu/2026/schedule/schedule_20260325.html
G26SP020,S26SP006,花咲徳栄,4,7,https://www.jhbf.or.jp/senbatsu/2026/schedule/schedule_20260325.html
G26SP020,S26SP006,花咲徳栄,5,0,https://www.jhbf.or.jp/senbatsu/2026/schedule/schedule_20260325.html
G26SP020,S26SP006,花咲徳栄,6,0,https://www.jhbf.or.jp/senbatsu/2026/schedule/schedule_20260325.html
G26SP020,S26SP006,花咲徳栄,7,0,https://www.jhbf.or.jp/senbatsu/2026/schedule/schedule_20260325.html
G26SP020,S26SP006,花咲徳栄,8,6,https://www.jhbf.or.jp/senbatsu/2026/schedule/schedule_20260325.html
G26SP020,S26SP006,花咲徳栄,9,0,https://www.jhbf.or.jp/senbatsu/2026/schedule/schedule_20260325.html
G26SP020,S26SP012,日本文理,1,0,https://www.jhbf.or.jp/senbatsu/2026/schedule/schedule_20260325.html
G26SP020,S26SP012,日本文理,2,0,https://www.jhbf.or.jp/senbatsu/2026/schedule/schedule_20260325.html
G26SP020,S26SP012,日本文理,3,0,https://www.jhbf.or.jp/senbatsu/2026/schedule/schedule_20260325.html
G26SP020,S26SP012,日本文理,4,0,https://www.jhbf.or.jp/senbatsu/2026/schedule/schedule_20260325.html
G26SP020,S26SP012,日本文理,5,0,https://www.jhbf.or.jp/senbatsu/2026/schedule/schedule_20260325.html
G26SP020,S26SP012,日本文理,6,0,https://www.jhbf.or.jp/senbatsu/2026/schedule/schedule_20260325.html
G26SP020,S26SP012,日本文理,7,0,https://www.jhbf.or.jp/senbatsu/2026/schedule/schedule_20260325.html
G26SP020,S26SP012,日本文理,8,0,https://www.jhbf.or.jp/senbatsu/2026/schedule/schedule_20260325.html
G26SP020,S26SP012,日本文理,9,0,https://www.jhbf.or.jp/senbatsu/2026/schedule/schedule_20260325.html
G26SP021,S26SP026,九州国際大付,1,1,https://www.jhbf.or.jp/senbatsu/2026/schedule/schedule_20260326.html
G26SP021,S26SP026,九州国際大付,2,1,https://www.jhbf.or.jp/senbatsu/2026/schedule/schedule_20260326.html
G26SP021,S26SP026,九州国際大付,3,0,https://www.jhbf.or.jp/senbatsu/2026/schedule/schedule_20260326.html
G26SP021,S26SP026,九州国際大付,4,0,https://www.jhbf.or.jp/senbatsu/2026/schedule/schedule_20260326.html
G26SP021,S26SP026,九州国際大付,5,1,https://www.jhbf.or.jp/senbatsu/2026/schedule/schedule_20260326.html
G26SP021,S26SP026,九州国際大付,6,0,https://www.jhbf.or.jp/senbatsu/2026/schedule/schedule_20260326.html
G26SP021,S26SP026,九州国際大付,7,0,https://www.jhbf.or.jp/senbatsu/2026/schedule/schedule_20260326.html
G26SP021,S26SP026,九州国際大付,8,0,https://www.jhbf.or.jp/senbatsu/2026/schedule/schedule_20260326.html
G26SP021,S26SP026,九州国際大付,9,0,https://www.jhbf.or.jp/senbatsu/2026/schedule/schedule_20260326.html
G26SP021,S26SP008,専大松戸,1,0,https://www.jhbf.or.jp/senbatsu/2026/schedule/schedule_20260326.html
G26SP021,S26SP008,専大松戸,2,1,https://www.jhbf.or.jp/senbatsu/2026/schedule/schedule_20260326.html
G26SP021,S26SP008,専大松戸,3,2,https://www.jhbf.or.jp/senbatsu/2026/schedule/schedule_20260326.html
G26SP021,S26SP008,専大松戸,4,0,https://www.jhbf.or.jp/senbatsu/2026/schedule/schedule_20260326.html
G26SP021,S26SP008,専大松戸,5,1,https://www.jhbf.or.jp/senbatsu/2026/schedule/schedule_20260326.html
G26SP021,S26SP008,専大松戸,6,0,https://www.jhbf.or.jp/senbatsu/2026/schedule/schedule_20260326.html
G26SP021,S26SP008,専大松戸,7,1,https://www.jhbf.or.jp/senbatsu/2026/schedule/schedule_20260326.html
G26SP021,S26SP008,専大松戸,8,3,https://www.jhbf.or.jp/senbatsu/2026/schedule/schedule_20260326.html
G26SP021,S26SP008,専大松戸,9,0,https://www.jhbf.or.jp/senbatsu/2026/schedule/schedule_20260326.html
G26SP022,S26SP014,大垣日大,1,1,https://www.jhbf.or.jp/senbatsu/2026/schedule/schedule_20260326.html
G26SP022,S26SP014,大垣日大,2,0,https://www.jhbf.or.jp/senbatsu/2026/schedule/schedule_20260326.html
G26SP022,S26SP014,大垣日大,3,0,https://www.jhbf.or.jp/senbatsu/2026/schedule/schedule_20260326.html
G26SP022,S26SP014,大垣日大,4,0,https://www.jhbf.or.jp/senbatsu/2026/schedule/schedule_20260326.html
G26SP022,S26SP014,大垣日大,5,0,https://www.jhbf.or.jp/senbatsu/2026/schedule/schedule_20260326.html
G26SP022,S26SP014,大垣日大,6,0,https://www.jhbf.or.jp/senbatsu/2026/schedule/schedule_20260326.html
G26SP022,S26SP014,大垣日大,7,0,https://www.jhbf.or.jp/senbatsu/2026/schedule/schedule_20260326.html
G26SP022,S26SP014,大垣日大,8,0,https://www.jhbf.or.jp/senbatsu/2026/schedule/schedule_20260326.html
G26SP022,S26SP014,大垣日大,9,0,https://www.jhbf.or.jp/senbatsu/2026/schedule/schedule_20260326.html
G26SP022,S26SP007,山梨学院,1,0,https://www.jhbf.or.jp/senbatsu/2026/schedule/schedule_20260326.html
G26SP022,S26SP007,山梨学院,2,0,https://www.jhbf.or.jp/senbatsu/2026/schedule/schedule_20260326.html
G26SP022,S26SP007,山梨学院,3,0,https://www.jhbf.or.jp/senbatsu/2026/schedule/schedule_20260326.html
G26SP022,S26SP007,山梨学院,4,0,https://www.jhbf.or.jp/senbatsu/2026/schedule/schedule_20260326.html
G26SP022,S26SP007,山梨学院,5,0,https://www.jhbf.or.jp/senbatsu/2026/schedule/schedule_20260326.html
G26SP022,S26SP007,山梨学院,6,1,https://www.jhbf.or.jp/senbatsu/2026/schedule/schedule_20260326.html
G26SP022,S26SP007,山梨学院,7,2,https://www.jhbf.or.jp/senbatsu/2026/schedule/schedule_20260326.html
G26SP022,S26SP007,山梨学院,8,0,https://www.jhbf.or.jp/senbatsu/2026/schedule/schedule_20260326.html
G26SP022,S26SP007,山梨学院,9,0,https://www.jhbf.or.jp/senbatsu/2026/schedule/schedule_20260326.html
G26SP023,S26SP004,東北,1,0,https://www.jhbf.or.jp/senbatsu/2026/schedule/schedule_20260326.html
G26SP023,S26SP004,東北,2,0,https://www.jhbf.or.jp/senbatsu/2026/schedule/schedule_20260326.html
G26SP023,S26SP004,東北,3,1,https://www.jhbf.or.jp/senbatsu/2026/schedule/schedule_20260326.html
G26SP023,S26SP004,東北,4,0,https://www.jhbf.or.jp/senbatsu/2026/schedule/schedule_20260326.html
G26SP023,S26SP004,東北,5,0,https://www.jhbf.or.jp/senbatsu/2026/schedule/schedule_20260326.html
G26SP023,S26SP004,東北,6,0,https://www.jhbf.or.jp/senbatsu/2026/schedule/schedule_20260326.html
G26SP023,S26SP004,東北,7,1,https://www.jhbf.or.jp/senbatsu/2026/schedule/schedule_20260326.html
G26SP023,S26SP004,東北,8,1,https://www.jhbf.or.jp/senbatsu/2026/schedule/schedule_20260326.html
G26SP023,S26SP004,東北,9,0,https://www.jhbf.or.jp/senbatsu/2026/schedule/schedule_20260326.html
G26SP023,S26SP024,英明,1,1,https://www.jhbf.or.jp/senbatsu/2026/schedule/schedule_20260326.html
G26SP023,S26SP024,英明,2,0,https://www.jhbf.or.jp/senbatsu/2026/schedule/schedule_20260326.html
G26SP023,S26SP024,英明,3,0,https://www.jhbf.or.jp/senbatsu/2026/schedule/schedule_20260326.html
G26SP023,S26SP024,英明,4,2,https://www.jhbf.or.jp/senbatsu/2026/schedule/schedule_20260326.html
G26SP023,S26SP024,英明,5,0,https://www.jhbf.or.jp/senbatsu/2026/schedule/schedule_20260326.html
G26SP023,S26SP024,英明,6,3,https://www.jhbf.or.jp/senbatsu/2026/schedule/schedule_20260326.html
G26SP023,S26SP024,英明,7,0,https://www.jhbf.or.jp/senbatsu/2026/schedule/schedule_20260326.html
G26SP023,S26SP024,英明,8,0,https://www.jhbf.or.jp/senbatsu/2026/schedule/schedule_20260326.html
G26SP023,S26SP024,英明,9,0,https://www.jhbf.or.jp/senbatsu/2026/schedule/schedule_20260326.html
G26SP024,S26SP015,三重,1,2,https://www.jhbf.or.jp/senbatsu/2026/schedule/schedule_20260326.html
G26SP024,S26SP015,三重,2,0,https://www.jhbf.or.jp/senbatsu/2026/schedule/schedule_20260326.html
G26SP024,S26SP015,三重,3,0,https://www.jhbf.or.jp/senbatsu/2026/schedule/schedule_20260326.html
G26SP024,S26SP015,三重,4,2,https://www.jhbf.or.jp/senbatsu/2026/schedule/schedule_20260326.html
G26SP024,S26SP015,三重,5,0,https://www.jhbf.or.jp/senbatsu/2026/schedule/schedule_20260326.html
G26SP024,S26SP015,三重,6,0,https://www.jhbf.or.jp/senbatsu/2026/schedule/schedule_20260326.html
G26SP024,S26SP015,三重,7,0,https://www.jhbf.or.jp/senbatsu/2026/schedule/schedule_20260326.html
G26SP024,S26SP015,三重,8,1,https://www.jhbf.or.jp/senbatsu/2026/schedule/schedule_20260326.html
G26SP024,S26SP015,三重,9,0,https://www.jhbf.or.jp/senbatsu/2026/schedule/schedule_20260326.html
G26SP024,S26SP015,三重,10,0,https://www.jhbf.or.jp/senbatsu/2026/schedule/schedule_20260326.html
G26SP024,S26SP019,大阪桐蔭,1,1,https://www.jhbf.or.jp/senbatsu/2026/schedule/schedule_20260326.html
G26SP024,S26SP019,大阪桐蔭,2,2,https://www.jhbf.or.jp/senbatsu/2026/schedule/schedule_20260326.html
G26SP024,S26SP019,大阪桐蔭,3,1,https://www.jhbf.or.jp/senbatsu/2026/schedule/schedule_20260326.html
G26SP024,S26SP019,大阪桐蔭,4,1,https://www.jhbf.or.jp/senbatsu/2026/schedule/schedule_20260326.html
G26SP024,S26SP019,大阪桐蔭,5,0,https://www.jhbf.or.jp/senbatsu/2026/schedule/schedule_20260326.html
G26SP024,S26SP019,大阪桐蔭,6,0,https://www.jhbf.or.jp/senbatsu/2026/schedule/schedule_20260326.html
G26SP024,S26SP019,大阪桐蔭,7,0,https://www.jhbf.or.jp/senbatsu/2026/schedule/schedule_20260326.html
G26SP024,S26SP019,大阪桐蔭,8,0,https://www.jhbf.or.jp/senbatsu/2026/schedule/schedule_20260326.html
G26SP024,S26SP019,大阪桐蔭,9,0,https://www.jhbf.or.jp/senbatsu/2026/schedule/schedule_20260326.html
G26SP024,S26SP019,大阪桐蔭,10,1,https://www.jhbf.or.jp/senbatsu/2026/schedule/schedule_20260326.html
G26SP025,S26SP013,中京大中京,1,1,https://www.jhbf.or.jp/senbatsu/2026/schedule/schedule_20260327.html
G26SP025,S26SP013,中京大中京,2,0,https://www.jhbf.or.jp/senbatsu/2026/schedule/schedule_20260327.html
G26SP025,S26SP013,中京大中京,3,0,https://www.jhbf.or.jp/senbatsu/2026/schedule/schedule_20260327.html
G26SP025,S26SP013,中京大中京,4,0,https://www.jhbf.or.jp/senbatsu/2026/schedule/schedule_20260327.html
G26SP025,S26SP013,中京大中京,5,1,https://www.jhbf.or.jp/senbatsu/2026/schedule/schedule_20260327.html
G26SP025,S26SP013,中京大中京,6,0,https://www.jhbf.or.jp/senbatsu/2026/schedule/schedule_20260327.html
G26SP025,S26SP013,中京大中京,7,0,https://www.jhbf.or.jp/senbatsu/2026/schedule/schedule_20260327.html
G26SP025,S26SP013,中京大中京,8,0,https://www.jhbf.or.jp/senbatsu/2026/schedule/schedule_20260327.html
G26SP025,S26SP013,中京大中京,9,0,https://www.jhbf.or.jp/senbatsu/2026/schedule/schedule_20260327.html
G26SP025,S26SP002,八戸学院光星,1,1,https://www.jhbf.or.jp/senbatsu/2026/schedule/schedule_20260327.html
G26SP025,S26SP002,八戸学院光星,2,0,https://www.jhbf.or.jp/senbatsu/2026/schedule/schedule_20260327.html
G26SP025,S26SP002,八戸学院光星,3,0,https://www.jhbf.or.jp/senbatsu/2026/schedule/schedule_20260327.html
G26SP025,S26SP002,八戸学院光星,4,0,https://www.jhbf.or.jp/senbatsu/2026/schedule/schedule_20260327.html
G26SP025,S26SP002,八戸学院光星,5,0,https://www.jhbf.or.jp/senbatsu/2026/schedule/schedule_20260327.html
G26SP025,S26SP002,八戸学院光星,6,0,https://www.jhbf.or.jp/senbatsu/2026/schedule/schedule_20260327.html
G26SP025,S26SP002,八戸学院光星,7,0,https://www.jhbf.or.jp/senbatsu/2026/schedule/schedule_20260327.html
G26SP025,S26SP002,八戸学院光星,8,0,https://www.jhbf.or.jp/senbatsu/2026/schedule/schedule_20260327.html
G26SP025,S26SP002,八戸学院光星,9,0,https://www.jhbf.or.jp/senbatsu/2026/schedule/schedule_20260327.html
G26SP026,S26SP006,花咲徳栄,1,6,https://www.jhbf.or.jp/senbatsu/2026/schedule/schedule_20260327.html
G26SP026,S26SP006,花咲徳栄,2,2,https://www.jhbf.or.jp/senbatsu/2026/schedule/schedule_20260327.html
G26SP026,S26SP006,花咲徳栄,3,0,https://www.jhbf.or.jp/senbatsu/2026/schedule/schedule_20260327.html
G26SP026,S26SP006,花咲徳栄,4,0,https://www.jhbf.or.jp/senbatsu/2026/schedule/schedule_20260327.html
G26SP026,S26SP006,花咲徳栄,5,0,https://www.jhbf.or.jp/senbatsu/2026/schedule/schedule_20260327.html
G26SP026,S26SP006,花咲徳栄,6,0,https://www.jhbf.or.jp/senbatsu/2026/schedule/schedule_20260327.html
G26SP026,S26SP006,花咲徳栄,7,0,https://www.jhbf.or.jp/senbatsu/2026/schedule/schedule_20260327.html
G26SP026,S26SP006,花咲徳栄,8,0,https://www.jhbf.or.jp/senbatsu/2026/schedule/schedule_20260327.html
G26SP026,S26SP006,花咲徳栄,9,0,https://www.jhbf.or.jp/senbatsu/2026/schedule/schedule_20260327.html
G26SP026,S26SP018,智辯学園,1,0,https://www.jhbf.or.jp/senbatsu/2026/schedule/schedule_20260327.html
G26SP026,S26SP018,智辯学園,2,1,https://www.jhbf.or.jp/senbatsu/2026/schedule/schedule_20260327.html
G26SP026,S26SP018,智辯学園,3,3,https://www.jhbf.or.jp/senbatsu/2026/schedule/schedule_20260327.html
G26SP026,S26SP018,智辯学園,4,2,https://www.jhbf.or.jp/senbatsu/2026/schedule/schedule_20260327.html
G26SP026,S26SP018,智辯学園,5,3,https://www.jhbf.or.jp/senbatsu/2026/schedule/schedule_20260327.html
G26SP026,S26SP018,智辯学園,6,3,https://www.jhbf.or.jp/senbatsu/2026/schedule/schedule_20260327.html
G26SP026,S26SP018,智辯学園,7,0,https://www.jhbf.or.jp/senbatsu/2026/schedule/schedule_20260327.html
G26SP026,S26SP018,智辯学園,8,0,https://www.jhbf.or.jp/senbatsu/2026/schedule/schedule_20260327.html
G26SP026,S26SP018,智辯学園,9,0,https://www.jhbf.or.jp/senbatsu/2026/schedule/schedule_20260327.html
G26SP027,S26SP007,山梨学院,1,0,https://www.jhbf.or.jp/senbatsu/2026/schedule/schedule_20260327.html
G26SP027,S26SP007,山梨学院,2,1,https://www.jhbf.or.jp/senbatsu/2026/schedule/schedule_20260327.html
G26SP027,S26SP007,山梨学院,3,0,https://www.jhbf.or.jp/senbatsu/2026/schedule/schedule_20260327.html
G26SP027,S26SP007,山梨学院,4,0,https://www.jhbf.or.jp/senbatsu/2026/schedule/schedule_20260327.html
G26SP027,S26SP007,山梨学院,5,0,https://www.jhbf.or.jp/senbatsu/2026/schedule/schedule_20260327.html
G26SP027,S26SP007,山梨学院,6,0,https://www.jhbf.or.jp/senbatsu/2026/schedule/schedule_20260327.html
G26SP027,S26SP007,山梨学院,7,0,https://www.jhbf.or.jp/senbatsu/2026/schedule/schedule_20260327.html
G26SP027,S26SP007,山梨学院,8,0,https://www.jhbf.or.jp/senbatsu/2026/schedule/schedule_20260327.html
G26SP027,S26SP007,山梨学院,9,0,https://www.jhbf.or.jp/senbatsu/2026/schedule/schedule_20260327.html
G26SP027,S26SP008,専大松戸,1,1,https://www.jhbf.or.jp/senbatsu/2026/schedule/schedule_20260327.html
G26SP027,S26SP008,専大松戸,2,0,https://www.jhbf.or.jp/senbatsu/2026/schedule/schedule_20260327.html
G26SP027,S26SP008,専大松戸,3,0,https://www.jhbf.or.jp/senbatsu/2026/schedule/schedule_20260327.html
G26SP027,S26SP008,専大松戸,4,0,https://www.jhbf.or.jp/senbatsu/2026/schedule/schedule_20260327.html
G26SP027,S26SP008,専大松戸,5,0,https://www.jhbf.or.jp/senbatsu/2026/schedule/schedule_20260327.html
G26SP027,S26SP008,専大松戸,6,0,https://www.jhbf.or.jp/senbatsu/2026/schedule/schedule_20260327.html
G26SP027,S26SP008,専大松戸,7,0,https://www.jhbf.or.jp/senbatsu/2026/schedule/schedule_20260327.html
G26SP027,S26SP008,専大松戸,8,1,https://www.jhbf.or.jp/senbatsu/2026/schedule/schedule_20260327.html
G26SP027,S26SP008,専大松戸,9,0,https://www.jhbf.or.jp/senbatsu/2026/schedule/schedule_20260327.html
G26SP028,S26SP024,英明,1,2,https://www.jhbf.or.jp/senbatsu/2026/schedule/schedule_20260327.html
G26SP028,S26SP024,英明,2,0,https://www.jhbf.or.jp/senbatsu/2026/schedule/schedule_20260327.html
G26SP028,S26SP024,英明,3,0,https://www.jhbf.or.jp/senbatsu/2026/schedule/schedule_20260327.html
G26SP028,S26SP024,英明,4,0,https://www.jhbf.or.jp/senbatsu/2026/schedule/schedule_20260327.html
G26SP028,S26SP024,英明,5,0,https://www.jhbf.or.jp/senbatsu/2026/schedule/schedule_20260327.html
G26SP028,S26SP024,英明,6,0,https://www.jhbf.or.jp/senbatsu/2026/schedule/schedule_20260327.html
G26SP028,S26SP024,英明,7,1,https://www.jhbf.or.jp/senbatsu/2026/schedule/schedule_20260327.html
G26SP028,S26SP024,英明,8,0,https://www.jhbf.or.jp/senbatsu/2026/schedule/schedule_20260327.html
G26SP028,S26SP024,英明,9,0,https://www.jhbf.or.jp/senbatsu/2026/schedule/schedule_20260327.html
G26SP028,S26SP019,大阪桐蔭,1,1,https://www.jhbf.or.jp/senbatsu/2026/schedule/schedule_20260327.html
G26SP028,S26SP019,大阪桐蔭,2,0,https://www.jhbf.or.jp/senbatsu/2026/schedule/schedule_20260327.html
G26SP028,S26SP019,大阪桐蔭,3,1,https://www.jhbf.or.jp/senbatsu/2026/schedule/schedule_20260327.html
G26SP028,S26SP019,大阪桐蔭,4,0,https://www.jhbf.or.jp/senbatsu/2026/schedule/schedule_20260327.html
G26SP028,S26SP019,大阪桐蔭,5,0,https://www.jhbf.or.jp/senbatsu/2026/schedule/schedule_20260327.html
G26SP028,S26SP019,大阪桐蔭,6,1,https://www.jhbf.or.jp/senbatsu/2026/schedule/schedule_20260327.html
G26SP028,S26SP019,大阪桐蔭,7,0,https://www.jhbf.or.jp/senbatsu/2026/schedule/schedule_20260327.html
G26SP028,S26SP019,大阪桐蔭,8,1,https://www.jhbf.or.jp/senbatsu/2026/schedule/schedule_20260327.html
G26SP028,S26SP019,大阪桐蔭,9,0,https://www.jhbf.or.jp/senbatsu/2026/schedule/schedule_20260327.html
G26SP029,S26SP013,中京大中京,1,0,https://www.jhbf.or.jp/senbatsu/2026/schedule/schedule_20260329.html
G26SP029,S26SP013,中京大中京,2,0,https://www.jhbf.or.jp/senbatsu/2026/schedule/schedule_20260329.html
G26SP029,S26SP013,中京大中京,3,1,https://www.jhbf.or.jp/senbatsu/2026/schedule/schedule_20260329.html
G26SP029,S26SP013,中京大中京,4,0,https://www.jhbf.or.jp/senbatsu/2026/schedule/schedule_20260329.html
G26SP029,S26SP013,中京大中京,5,0,https://www.jhbf.or.jp/senbatsu/2026/schedule/schedule_20260329.html
G26SP029,S26SP013,中京大中京,6,0,https://www.jhbf.or.jp/senbatsu/2026/schedule/schedule_20260329.html
G26SP029,S26SP013,中京大中京,7,0,https://www.jhbf.or.jp/senbatsu/2026/schedule/schedule_20260329.html
G26SP029,S26SP013,中京大中京,8,0,https://www.jhbf.or.jp/senbatsu/2026/schedule/schedule_20260329.html
G26SP029,S26SP013,中京大中京,9,0,https://www.jhbf.or.jp/senbatsu/2026/schedule/schedule_20260329.html
G26SP029,S26SP018,智辯学園,1,0,https://www.jhbf.or.jp/senbatsu/2026/schedule/schedule_20260329.html
G26SP029,S26SP018,智辯学園,2,0,https://www.jhbf.or.jp/senbatsu/2026/schedule/schedule_20260329.html
G26SP029,S26SP018,智辯学園,3,0,https://www.jhbf.or.jp/senbatsu/2026/schedule/schedule_20260329.html
G26SP029,S26SP018,智辯学園,4,0,https://www.jhbf.or.jp/senbatsu/2026/schedule/schedule_20260329.html
G26SP029,S26SP018,智辯学園,5,0,https://www.jhbf.or.jp/senbatsu/2026/schedule/schedule_20260329.html
G26SP029,S26SP018,智辯学園,6,1,https://www.jhbf.or.jp/senbatsu/2026/schedule/schedule_20260329.html
G26SP029,S26SP018,智辯学園,7,0,https://www.jhbf.or.jp/senbatsu/2026/schedule/schedule_20260329.html
G26SP029,S26SP018,智辯学園,8,1,https://www.jhbf.or.jp/senbatsu/2026/schedule/schedule_20260329.html
G26SP029,S26SP018,智辯学園,9,0,https://www.jhbf.or.jp/senbatsu/2026/schedule/schedule_20260329.html
G26SP030,S26SP008,専大松戸,1,0,https://www.jhbf.or.jp/senbatsu/2026/schedule/schedule_20260329.html
G26SP030,S26SP008,専大松戸,2,0,https://www.jhbf.or.jp/senbatsu/2026/schedule/schedule_20260329.html
G26SP030,S26SP008,専大松戸,3,0,https://www.jhbf.or.jp/senbatsu/2026/schedule/schedule_20260329.html
G26SP030,S26SP008,専大松戸,4,1,https://www.jhbf.or.jp/senbatsu/2026/schedule/schedule_20260329.html
G26SP030,S26SP008,専大松戸,5,0,https://www.jhbf.or.jp/senbatsu/2026/schedule/schedule_20260329.html
G26SP030,S26SP008,専大松戸,6,0,https://www.jhbf.or.jp/senbatsu/2026/schedule/schedule_20260329.html
G26SP030,S26SP008,専大松戸,7,0,https://www.jhbf.or.jp/senbatsu/2026/schedule/schedule_20260329.html
G26SP030,S26SP008,専大松戸,8,1,https://www.jhbf.or.jp/senbatsu/2026/schedule/schedule_20260329.html
G26SP030,S26SP008,専大松戸,9,0,https://www.jhbf.or.jp/senbatsu/2026/schedule/schedule_20260329.html
G26SP030,S26SP019,大阪桐蔭,1,1,https://www.jhbf.or.jp/senbatsu/2026/schedule/schedule_20260329.html
G26SP030,S26SP019,大阪桐蔭,2,0,https://www.jhbf.or.jp/senbatsu/2026/schedule/schedule_20260329.html
G26SP030,S26SP019,大阪桐蔭,3,0,https://www.jhbf.or.jp/senbatsu/2026/schedule/schedule_20260329.html
G26SP030,S26SP019,大阪桐蔭,4,0,https://www.jhbf.or.jp/senbatsu/2026/schedule/schedule_20260329.html
G26SP030,S26SP019,大阪桐蔭,5,0,https://www.jhbf.or.jp/senbatsu/2026/schedule/schedule_20260329.html
G26SP030,S26SP019,大阪桐蔭,6,0,https://www.jhbf.or.jp/senbatsu/2026/schedule/schedule_20260329.html
G26SP030,S26SP019,大阪桐蔭,7,1,https://www.jhbf.or.jp/senbatsu/2026/schedule/schedule_20260329.html
G26SP030,S26SP019,大阪桐蔭,8,1,https://www.jhbf.or.jp/senbatsu/2026/schedule/schedule_20260329.html
G26SP030,S26SP019,大阪桐蔭,9,0,https://www.jhbf.or.jp/senbatsu/2026/schedule/schedule_20260329.html
G26SP031,S26SP018,智辯学園,1,0,https://www.jhbf.or.jp/senbatsu/2026/schedule/schedule_20260331.html
G26SP031,S26SP018,智辯学園,2,0,https://www.jhbf.or.jp/senbatsu/2026/schedule/schedule_20260331.html
G26SP031,S26SP018,智辯学園,3,1,https://www.jhbf.or.jp/senbatsu/2026/schedule/schedule_20260331.html
G26SP031,S26SP018,智辯学園,4,1,https://www.jhbf.or.jp/senbatsu/2026/schedule/schedule_20260331.html
G26SP031,S26SP018,智辯学園,5,0,https://www.jhbf.or.jp/senbatsu/2026/schedule/schedule_20260331.html
G26SP031,S26SP018,智辯学園,6,1,https://www.jhbf.or.jp/senbatsu/2026/schedule/schedule_20260331.html
G26SP031,S26SP018,智辯学園,7,0,https://www.jhbf.or.jp/senbatsu/2026/schedule/schedule_20260331.html
G26SP031,S26SP018,智辯学園,8,0,https://www.jhbf.or.jp/senbatsu/2026/schedule/schedule_20260331.html
G26SP031,S26SP018,智辯学園,9,0,https://www.jhbf.or.jp/senbatsu/2026/schedule/schedule_20260331.html
G26SP031,S26SP019,大阪桐蔭,1,0,https://www.jhbf.or.jp/senbatsu/2026/schedule/schedule_20260331.html
G26SP031,S26SP019,大阪桐蔭,2,1,https://www.jhbf.or.jp/senbatsu/2026/schedule/schedule_20260331.html
G26SP031,S26SP019,大阪桐蔭,3,2,https://www.jhbf.or.jp/senbatsu/2026/schedule/schedule_20260331.html
G26SP031,S26SP019,大阪桐蔭,4,0,https://www.jhbf.or.jp/senbatsu/2026/schedule/schedule_20260331.html
G26SP031,S26SP019,大阪桐蔭,5,0,https://www.jhbf.or.jp/senbatsu/2026/schedule/schedule_20260331.html
G26SP031,S26SP019,大阪桐蔭,6,0,https://www.jhbf.or.jp/senbatsu/2026/schedule/schedule_20260331.html
G26SP031,S26SP019,大阪桐蔭,7,4,https://www.jhbf.or.jp/senbatsu/2026/schedule/schedule_20260331.html
G26SP031,S26SP019,大阪桐蔭,8,0,https://www.jhbf.or.jp/senbatsu/2026/schedule/schedule_20260331.html
G26SP031,S26SP019,大阪桐蔭,9,0,https://www.jhbf.or.jp/senbatsu/2026/schedule/schedule_20260331.html
